index,true_label,pred_label,score,group,confidence
165,0,1,0.99999976,false_positive,0.99999976
103,0,1,0.99999857,false_positive,0.99999857
370,0,1,0.99998343,false_positive,0.99998343
380,0,1,0.9999639,false_positive,0.9999639
607,0,1,0.9999635,false_positive,0.9999635
67,0,1,0.99993825,false_positive,0.99993825
510,0,1,0.99991226,false_positive,0.99991226
71,0,1,0.9998982,false_positive,0.9998982
195,0,1,0.9998851,false_positive,0.9998851
505,0,1,0.999864,false_positive,0.999864
1,0,1,0.9996681,false_positive,0.9996681
44,0,1,0.99950206,false_positive,0.99950206
356,0,1,0.99939597,false_positive,0.99939597
307,0,1,0.99855405,false_positive,0.99855405
232,0,1,0.99765503,false_positive,0.99765503
542,0,1,0.99571675,false_positive,0.99571675
107,0,1,0.99568427,false_positive,0.99568427
476,0,1,0.9953762,false_positive,0.9953762
548,0,1,0.9942889,false_positive,0.9942889
423,0,1,0.99280304,false_positive,0.99280304
39,0,1,0.9914653,false_positive,0.9914653
611,0,1,0.9911606,false_positive,0.9911606
91,0,1,0.98971456,false_positive,0.98971456
28,0,1,0.98754495,false_positive,0.98754495
9,0,1,0.98531044,false_positive,0.98531044
123,0,1,0.9846554,false_positive,0.9846554
125,0,1,0.98281485,false_positive,0.98281485
30,0,1,0.9791517,false_positive,0.9791517
78,0,1,0.9753948,false_positive,0.9753948
185,0,1,0.9752421,false_positive,0.9752421
147,0,1,0.97486126,false_positive,0.97486126
61,0,1,0.97471946,false_positive,0.97471946
378,0,1,0.9691251,false_positive,0.9691251
273,0,1,0.95899343,false_positive,0.95899343
150,0,1,0.954782,false_positive,0.954782
577,0,1,0.9534542,false_positive,0.9534542
231,0,1,0.952349,false_positive,0.952349
131,0,1,0.9489778,false_positive,0.9489778
469,0,1,0.9470021,false_positive,0.9470021
535,0,1,0.9441322,false_positive,0.9441322
514,0,1,0.9350885,false_positive,0.9350885
485,0,1,0.9153833,false_positive,0.9153833
239,0,1,0.9146452,false_positive,0.9146452
622,0,1,0.9134751,false_positive,0.9134751
456,0,1,0.9119584,false_positive,0.9119584
317,0,1,0.8920074,false_positive,0.8920074
161,0,1,0.8827804,false_positive,0.8827804
620,0,1,0.8617029,false_positive,0.8617029
394,0,1,0.8604657,false_positive,0.8604657
309,0,1,0.8596877,false_positive,0.8596877
332,0,1,0.85420454,false_positive,0.85420454
386,0,1,0.85098624,false_positive,0.85098624
313,0,1,0.84829843,false_positive,0.84829843
339,0,1,0.83859044,false_positive,0.83859044
552,0,1,0.82512146,false_positive,0.82512146
368,0,1,0.805642,false_positive,0.805642
398,0,1,0.80095273,false_positive,0.80095273
470,0,1,0.7962047,false_positive,0.7962047
109,0,1,0.794953,false_positive,0.794953
457,0,1,0.7929501,false_positive,0.7929501
285,0,1,0.7924796,false_positive,0.7924796
68,0,1,0.7912573,false_positive,0.7912573
428,0,1,0.7805306,false_positive,0.7805306
179,0,1,0.7634189,false_positive,0.7634189
229,0,1,0.75706255,false_positive,0.75706255
267,0,1,0.7552532,false_positive,0.7552532
553,0,1,0.74883044,false_positive,0.74883044
208,0,1,0.7349826,false_positive,0.7349826
142,0,1,0.72218674,false_positive,0.72218674
50,0,1,0.72025734,false_positive,0.72025734
217,0,1,0.6935274,false_positive,0.6935274
523,0,1,0.6932769,false_positive,0.6932769
572,0,1,0.68853444,false_positive,0.68853444
473,0,1,0.67499864,false_positive,0.67499864
83,0,1,0.6689693,false_positive,0.6689693
72,0,1,0.6551205,false_positive,0.6551205
133,0,1,0.6545979,false_positive,0.6545979
77,0,1,0.6210918,false_positive,0.6210918
463,0,1,0.6198845,false_positive,0.6198845
85,0,1,0.6107251,false_positive,0.6107251
146,0,1,0.6017082,false_positive,0.6017082
282,0,1,0.60129625,false_positive,0.60129625
126,0,1,0.5870591,false_positive,0.5870591
471,0,1,0.584039,false_positive,0.584039
255,0,1,0.57217014,false_positive,0.57217014
293,0,1,0.5596838,false_positive,0.5596838
280,0,1,0.55054325,false_positive,0.55054325
541,0,1,0.5448288,false_positive,0.5448288
345,0,1,0.5350493,false_positive,0.5350493
338,0,1,0.5236464,false_positive,0.5236464
531,0,1,0.51874703,false_positive,0.51874703
